Brand,Model,Year,Variant,ImageUrl,ImageSource,SourceUrl,License,LicenseStatus,VerificationStatus,VerifiedAt
"Porsche","911","*","*","/assets/porsche.png","RentRide Verified Showcase Asset","https://github.com/AkshatKardak/RentRide","Permissive In-House Asset","permissive","verified","2026-09-21T17:46:38.293Z"
"Mercedes-Benz","G63 AMG","*","*","/assets/mercedesg63amg.png","RentRide Verified Showcase Asset","https://github.com/AkshatKardak/RentRide","Permissive In-House Asset","permissive","verified","2026-09-21T17:46:38.309Z"
"Mercedes-Benz","G-Class","*","*","/assets/mercedesg63amg.png","RentRide Verified Showcase Asset","https://github.com/AkshatKardak/RentRide","Permissive In-House Asset","permissive","verified","2026-09-21T17:46:38.309Z"
"Tata","Nano","*","*","/assets/Nano.png","RentRide Verified Showcase Asset","https://github.com/AkshatKardak/RentRide","Permissive In-House Asset","permissive","verified","2026-09-21T17:46:38.309Z"
"Skoda","Kylaq","*","*","/assets/skoda.png","RentRide Verified Showcase Asset","https://github.com/AkshatKardak/RentRide","Permissive In-House Asset","permissive","verified","2026-09-21T17:46:38.309Z"
"Audi","e-tron GT","*","*","/assets/AudiElectric.png","RentRide Verified Showcase Asset","https://github.com/AkshatKardak/RentRide","Permissive In-House Asset","permissive","verified","2026-09-21T17:46:38.309Z"
"Audi","e-tron","*","*","/assets/AudiElectric.png","RentRide Verified Showcase Asset","https://github.com/AkshatKardak/RentRide","Permissive In-House Asset","permissive","verified","2026-09-21T17:46:38.309Z"
"Honda","Elevate","*","*","/assets/Honda.png","RentRide Verified Showcase Asset","https://github.com/AkshatKardak/RentRide","Permissive In-House Asset","permissive","verified","2026-09-21T17:46:38.309Z"
"Bugatti","Chiron","*","*","/assets/Bugatti.png","RentRide Verified Showcase Asset","https://github.com/AkshatKardak/RentRide","Permissive In-House Asset","permissive","verified","2026-09-21T17:46:38.309Z"
"Rolls-Royce","Ghost","*","*","/assets/rolls royce.png","RentRide Verified Showcase Asset","https://github.com/AkshatKardak/RentRide","Permissive In-House Asset","permissive","verified","2026-09-21T17:46:38.309Z"
"Ford","Mustang","*","*","/assets/blackcar.png","RentRide Verified Showcase Asset","https://github.com/AkshatKardak/RentRide","Permissive In-House Asset","permissive","verified","2026-09-21T17:46:38.309Z"
"Toyota","Supra","*","*","/assets/supra.png","RentRide Verified Showcase Asset","https://github.com/AkshatKardak/RentRide","Permissive In-House Asset","permissive","verified","2026-09-21T17:46:38.309Z"
"Lamborghini","Huracan","*","*","/assets/lambo.png","RentRide Verified Showcase Asset","https://github.com/AkshatKardak/RentRide","Permissive In-House Asset","permissive","verified","2026-09-21T17:46:38.309Z"
"Audi","A4","*","*","/assets/cars/audi-a4.jpg","Wikimedia Commons Verified Automotive Archive","https://commons.wikimedia.org","Creative Commons / Public Domain","permissive","verified","2026-09-21T17:46:38.309Z"
"Audi","A6","*","*","/assets/cars/audi-a6.jpg","Wikimedia Commons Verified Automotive Archive","https://commons.wikimedia.org","Creative Commons / Public Domain","permissive","verified","2026-09-21T17:46:38.309Z"
"Audi","Q7","*","*","/assets/cars/audi-q7.jpg","Wikimedia Commons Verified Automotive Archive","https://commons.wikimedia.org","Creative Commons / Public Domain","permissive","verified","2026-09-21T17:46:38.309Z"
"BMW","5 Series","*","*","/assets/cars/bmw-5-series.jpg","Wikimedia Commons Verified Automotive Archive","https://commons.wikimedia.org","Creative Commons / Public Domain","permissive","verified","2026-09-21T17:46:38.309Z"
"BMW","X3","*","*","/assets/cars/bmw-x3.jpg","Wikimedia Commons Verified Automotive Archive","https://commons.wikimedia.org","Creative Commons / Public Domain","permissive","verified","2026-09-21T17:46:38.309Z"
"Chevrolet","Beat","*","*","/assets/cars/chevrolet-beat.jpg","Wikimedia Commons Verified Automotive Archive","https://commons.wikimedia.org","Creative Commons / Public Domain","permissive","verified","2026-09-21T17:46:38.309Z"
"Chevrolet","Cruze","*","*","/assets/cars/chevrolet-cruze.jpg","Wikimedia Commons Verified Automotive Archive","https://commons.wikimedia.org","Creative Commons / Public Domain","permissive","verified","2026-09-21T17:46:38.309Z"
"Chevrolet","Tavera","*","*","/assets/cars/chevrolet-tavera.jpg","Wikimedia Commons Verified Automotive Archive","https://commons.wikimedia.org","Creative Commons / Public Domain","permissive","verified","2026-09-21T17:46:38.309Z"
"Ford","Aspire","*","*","/assets/cars/ford-aspire.jpg","Wikimedia Commons Verified Automotive Archive","https://commons.wikimedia.org","Creative Commons / Public Domain","permissive","verified","2026-09-21T17:46:38.309Z"
"Ford","EcoSport","*","*","/assets/cars/ford-ecosport.jpg","Wikimedia Commons Verified Automotive Archive","https://commons.wikimedia.org","Creative Commons / Public Domain","permissive","verified","2026-09-21T17:46:38.309Z"
"Ford","Endeavour","*","*","/assets/cars/ford-endeavour.jpg","Wikimedia Commons Verified Automotive Archive","https://commons.wikimedia.org","Creative Commons / Public Domain","permissive","verified","2026-09-21T17:46:38.309Z"
"Ford","Figo","*","*","/assets/cars/ford-figo.jpg","Wikimedia Commons Verified Automotive Archive","https://commons.wikimedia.org","Creative Commons / Public Domain","permissive","verified","2026-09-21T17:46:38.309Z"
"Honda","Amaze","*","*","/assets/cars/honda-amaze.jpg","Wikimedia Commons Verified Automotive Archive","https://commons.wikimedia.org","Creative Commons / Public Domain","permissive","verified","2026-09-21T17:46:38.309Z"
"Honda","Brio","*","*","/assets/cars/honda-brio.jpg","Wikimedia Commons Verified Automotive Archive","https://commons.wikimedia.org","Creative Commons / Public Domain","permissive","verified","2026-09-21T17:46:38.309Z"
"Honda","City","*","*","/assets/cars/honda-city.jpg","Wikimedia Commons Verified Automotive Archive","https://commons.wikimedia.org","Creative Commons / Public Domain","permissive","verified","2026-09-21T17:46:38.309Z"
"Honda","Jazz","*","*","/assets/cars/honda-jazz.jpg","Wikimedia Commons Verified Automotive Archive","https://commons.wikimedia.org","Creative Commons / Public Domain","permissive","verified","2026-09-21T17:46:38.309Z"
"Honda","WR-V","*","*","/assets/cars/honda-wr-v.jpg","Wikimedia Commons Verified Automotive Archive","https://commons.wikimedia.org","Creative Commons / Public Domain","permissive","verified","2026-09-21T17:46:38.309Z"
"Hyundai","Aura","*","*","/assets/cars/hyundai-aura.jpg","Wikimedia Commons Verified Automotive Archive","https://commons.wikimedia.org","Creative Commons / Public Domain","permissive","verified","2026-09-21T17:46:38.309Z"
"Hyundai","Creta","*","*","/assets/cars/hyundai-creta.jpg","Wikimedia Commons Verified Automotive Archive","https://commons.wikimedia.org","Creative Commons / Public Domain","permissive","verified","2026-09-21T17:46:38.309Z"
"Hyundai","Grand i10","*","*","/assets/cars/hyundai-grand-i10.jpg","Wikimedia Commons Verified Automotive Archive","https://commons.wikimedia.org","Creative Commons / Public Domain","permissive","verified","2026-09-21T17:46:38.309Z"
"Hyundai","Venue","*","*","/assets/cars/hyundai-venue.jpg","Wikimedia Commons Verified Automotive Archive","https://commons.wikimedia.org","Creative Commons / Public Domain","permissive","verified","2026-09-21T17:46:38.309Z"
"Hyundai","Verna","*","*","/assets/cars/hyundai-verna.jpg","Wikimedia Commons Verified Automotive Archive","https://commons.wikimedia.org","Creative Commons / Public Domain","permissive","verified","2026-09-21T17:46:38.309Z"
"Hyundai","i10","*","*","/assets/cars/hyundai-i10.jpg","Wikimedia Commons Verified Automotive Archive","https://commons.wikimedia.org","Creative Commons / Public Domain","permissive","verified","2026-09-21T17:46:38.309Z"
"Hyundai","i20","*","*","/assets/cars/hyundai-i20.jpg","Wikimedia Commons Verified Automotive Archive","https://commons.wikimedia.org","Creative Commons / Public Domain","permissive","verified","2026-09-21T17:46:38.309Z"
"Jaguar","F-Pace","*","*","/assets/cars/jaguar-f-pace.jpg","Wikimedia Commons Verified Automotive Archive","https://commons.wikimedia.org","Creative Commons / Public Domain","permissive","verified","2026-09-21T17:46:38.309Z"
"Jaguar","XE","*","*","/assets/cars/jaguar-xe.jpg","Wikimedia Commons Verified Automotive Archive","https://commons.wikimedia.org","Creative Commons / Public Domain","permissive","verified","2026-09-21T17:46:38.309Z"
"Kia","Carens","*","*","/assets/cars/kia-carens.jpg","Wikimedia Commons Verified Automotive Archive","https://commons.wikimedia.org","Creative Commons / Public Domain","permissive","verified","2026-09-21T17:46:38.309Z"
"Kia","Seltos","*","*","/assets/cars/kia-seltos.jpg","Wikimedia Commons Verified Automotive Archive","https://commons.wikimedia.org","Creative Commons / Public Domain","permissive","verified","2026-09-21T17:46:38.309Z"
"Kia","Sonet","*","*","/assets/cars/kia-sonet.jpg","Wikimedia Commons Verified Automotive Archive","https://commons.wikimedia.org","Creative Commons / Public Domain","permissive","verified","2026-09-21T17:46:38.309Z"
"MG","Astor","*","*","/assets/cars/mg-astor.jpg","Wikimedia Commons Verified Automotive Archive","https://commons.wikimedia.org","Creative Commons / Public Domain","permissive","verified","2026-09-21T17:46:38.309Z"
"MG","Hector","*","*","/assets/cars/mg-hector.jpg","Wikimedia Commons Verified Automotive Archive","https://commons.wikimedia.org","Creative Commons / Public Domain","permissive","verified","2026-09-21T17:46:38.309Z"
"MG","ZS EV","*","*","/assets/cars/mg-zs-ev.jpg","Wikimedia Commons Verified Automotive Archive","https://commons.wikimedia.org","Creative Commons / Public Domain","permissive","verified","2026-09-21T17:46:38.309Z"
"Mahindra","Bolero","*","*","/assets/cars/mahindra-bolero.jpg","Wikimedia Commons Verified Automotive Archive","https://commons.wikimedia.org","Creative Commons / Public Domain","permissive","verified","2026-09-21T17:46:38.309Z"
"Mahindra","Scorpio","*","*","/assets/cars/mahindra-scorpio.jpg","Wikimedia Commons Verified Automotive Archive","https://commons.wikimedia.org","Creative Commons / Public Domain","permissive","verified","2026-09-21T17:46:38.309Z"
"Mahindra","TUV300","*","*","/assets/cars/mahindra-tuv300.jpg","Wikimedia Commons Verified Automotive Archive","https://commons.wikimedia.org","Creative Commons / Public Domain","permissive","verified","2026-09-21T17:46:38.309Z"
"Mahindra","Thar","*","*","/assets/cars/mahindra-thar.jpg","Wikimedia Commons Verified Automotive Archive","https://commons.wikimedia.org","Creative Commons / Public Domain","permissive","verified","2026-09-21T17:46:38.309Z"
"Mahindra","XUV500","*","*","/assets/cars/mahindra-xuv500.jpg","Wikimedia Commons Verified Automotive Archive","https://commons.wikimedia.org","Creative Commons / Public Domain","permissive","verified","2026-09-21T17:46:38.309Z"
"Maruti Suzuki","Alto","*","*","/assets/cars/maruti-suzuki-alto.jpg","Wikimedia Commons Verified Automotive Archive","https://commons.wikimedia.org","Creative Commons / Public Domain","permissive","verified","2026-09-21T17:46:38.309Z"
"Maruti Suzuki","Baleno","*","*","/assets/cars/maruti-suzuki-baleno.jpg","Wikimedia Commons Verified Automotive Archive","https://commons.wikimedia.org","Creative Commons / Public Domain","permissive","verified","2026-09-21T17:46:38.309Z"
"Maruti Suzuki","Celerio","*","*","/assets/cars/maruti-suzuki-celerio.jpg","Wikimedia Commons Verified Automotive Archive","https://commons.wikimedia.org","Creative Commons / Public Domain","permissive","verified","2026-09-21T17:46:38.309Z"
"Maruti Suzuki","Dzire","*","*","/assets/cars/maruti-suzuki-dzire.jpg","Wikimedia Commons Verified Automotive Archive","https://commons.wikimedia.org","Creative Commons / Public Domain","permissive","verified","2026-09-21T17:46:38.309Z"
"Maruti Suzuki","Ertiga","*","*","/assets/cars/maruti-suzuki-ertiga.jpg","Wikimedia Commons Verified Automotive Archive","https://commons.wikimedia.org","Creative Commons / Public Domain","permissive","verified","2026-09-21T17:46:38.309Z"
"Maruti Suzuki","Ignis","*","*","/assets/cars/maruti-suzuki-ignis.jpg","Wikimedia Commons Verified Automotive Archive","https://commons.wikimedia.org","Creative Commons / Public Domain","permissive","verified","2026-09-21T17:46:38.309Z"
"Maruti Suzuki","S-Presso","*","*","/assets/cars/maruti-suzuki-s-presso.jpg","Wikimedia Commons Verified Automotive Archive","https://commons.wikimedia.org","Creative Commons / Public Domain","permissive","verified","2026-09-21T17:46:38.309Z"
"Maruti Suzuki","Swift","*","*","/assets/cars/maruti-suzuki-swift.jpg","Wikimedia Commons Verified Automotive Archive","https://commons.wikimedia.org","Creative Commons / Public Domain","permissive","verified","2026-09-21T17:46:38.309Z"
"Maruti Suzuki","WagonR","*","*","/assets/cars/maruti-suzuki-wagonr.jpg","Wikimedia Commons Verified Automotive Archive","https://commons.wikimedia.org","Creative Commons / Public Domain","permissive","verified","2026-09-21T17:46:38.309Z"
"Nissan","Micra","*","*","/assets/cars/nissan-micra.jpg","Wikimedia Commons Verified Automotive Archive","https://commons.wikimedia.org","Creative Commons / Public Domain","permissive","verified","2026-09-21T17:46:38.309Z"
"Nissan","Sunny","*","*","/assets/cars/nissan-sunny.jpg","Wikimedia Commons Verified Automotive Archive","https://commons.wikimedia.org","Creative Commons / Public Domain","permissive","verified","2026-09-21T17:46:38.309Z"
"Nissan","Terrano","*","*","/assets/cars/nissan-terrano.jpg","Wikimedia Commons Verified Automotive Archive","https://commons.wikimedia.org","Creative Commons / Public Domain","permissive","verified","2026-09-21T17:46:38.309Z"
"Range Rover","Evoque","*","*","/assets/cars/range-rover-evoque.jpg","Wikimedia Commons Verified Automotive Archive","https://commons.wikimedia.org","Creative Commons / Public Domain","permissive","verified","2026-09-21T17:46:38.309Z"
"Renault","Duster","*","*","/assets/cars/renault-duster.jpg","Wikimedia Commons Verified Automotive Archive","https://commons.wikimedia.org","Creative Commons / Public Domain","permissive","verified","2026-09-21T17:46:38.309Z"
"Renault","Kiger","*","*","/assets/cars/renault-kiger.jpg","Wikimedia Commons Verified Automotive Archive","https://commons.wikimedia.org","Creative Commons / Public Domain","permissive","verified","2026-09-21T17:46:38.309Z"
"Renault","Kwid","*","*","/assets/cars/renault-kwid.jpg","Wikimedia Commons Verified Automotive Archive","https://commons.wikimedia.org","Creative Commons / Public Domain","permissive","verified","2026-09-21T17:46:38.309Z"
"Renault","Triber","*","*","/assets/cars/renault-triber.jpg","Wikimedia Commons Verified Automotive Archive","https://commons.wikimedia.org","Creative Commons / Public Domain","permissive","verified","2026-09-21T17:46:38.309Z"
"Skoda","Kushaq","*","*","/assets/cars/skoda-kushaq.jpg","Wikimedia Commons Verified Automotive Archive","https://commons.wikimedia.org","Creative Commons / Public Domain","permissive","verified","2026-09-21T17:46:38.309Z"
"Skoda","Octavia","*","*","/assets/cars/skoda-octavia.jpg","Wikimedia Commons Verified Automotive Archive","https://commons.wikimedia.org","Creative Commons / Public Domain","permissive","verified","2026-09-21T17:46:38.309Z"
"Skoda","Rapid","*","*","/assets/cars/skoda-rapid.jpg","Wikimedia Commons Verified Automotive Archive","https://commons.wikimedia.org","Creative Commons / Public Domain","permissive","verified","2026-09-21T17:46:38.309Z"
"Skoda","Slavia","*","*","/assets/cars/skoda-slavia.jpg","Wikimedia Commons Verified Automotive Archive","https://commons.wikimedia.org","Creative Commons / Public Domain","permissive","verified","2026-09-21T17:46:38.309Z"
"Skoda","Superb","*","*","/assets/cars/skoda-superb.jpg","Wikimedia Commons Verified Automotive Archive","https://commons.wikimedia.org","Creative Commons / Public Domain","permissive","verified","2026-09-21T17:46:38.309Z"
"Tata","Altroz","*","*","/assets/cars/tata-altroz.jpg","Wikimedia Commons Verified Automotive Archive","https://commons.wikimedia.org","Creative Commons / Public Domain","permissive","verified","2026-09-21T17:46:38.309Z"
"Tata","Harrier","*","*","/assets/cars/tata-harrier.jpg","Wikimedia Commons Verified Automotive Archive","https://commons.wikimedia.org","Creative Commons / Public Domain","permissive","verified","2026-09-21T17:46:38.309Z"
"Tata","Nexon","*","*","/assets/cars/tata-nexon.jpg","Wikimedia Commons Verified Automotive Archive","https://commons.wikimedia.org","Creative Commons / Public Domain","permissive","verified","2026-09-21T17:46:38.309Z"
"Tata","Tiago","*","*","/assets/cars/tata-tiago.jpg","Wikimedia Commons Verified Automotive Archive","https://commons.wikimedia.org","Creative Commons / Public Domain","permissive","verified","2026-09-21T17:46:38.309Z"
"Tata","Tigor","*","*","/assets/cars/tata-tigor.jpg","Wikimedia Commons Verified Automotive Archive","https://commons.wikimedia.org","Creative Commons / Public Domain","permissive","verified","2026-09-21T17:46:38.309Z"
"Toyota","Etios","*","*","/assets/cars/toyota-etios.jpg","Wikimedia Commons Verified Automotive Archive","https://commons.wikimedia.org","Creative Commons / Public Domain","permissive","verified","2026-09-21T17:46:38.309Z"
"Toyota","Fortuner","*","*","/assets/cars/toyota-fortuner.jpg","Wikimedia Commons Verified Automotive Archive","https://commons.wikimedia.org","Creative Commons / Public Domain","permissive","verified","2026-09-21T17:46:38.310Z"
"Toyota","Glanza","*","*","/assets/cars/toyota-glanza.jpg","Wikimedia Commons Verified Automotive Archive","https://commons.wikimedia.org","Creative Commons / Public Domain","permissive","verified","2026-09-21T17:46:38.310Z"
"Toyota","Innova","*","*","/assets/cars/toyota-innova.jpg","Wikimedia Commons Verified Automotive Archive","https://commons.wikimedia.org","Creative Commons / Public Domain","permissive","verified","2026-09-21T17:46:38.310Z"
"Toyota","Urban Cruiser","*","*","/assets/cars/toyota-urban-cruiser.jpg","Wikimedia Commons Verified Automotive Archive","https://commons.wikimedia.org","Creative Commons / Public Domain","permissive","verified","2026-09-21T17:46:38.310Z"
"Volkswagen","Ameo","*","*","/assets/cars/volkswagen-ameo.jpg","Wikimedia Commons Verified Automotive Archive","https://commons.wikimedia.org","Creative Commons / Public Domain","permissive","verified","2026-09-21T17:46:38.310Z"
"Volkswagen","Polo","*","*","/assets/cars/volkswagen-polo.jpg","Wikimedia Commons Verified Automotive Archive","https://commons.wikimedia.org","Creative Commons / Public Domain","permissive","verified","2026-09-21T17:46:38.310Z"
"Volkswagen","Taigun","*","*","/assets/cars/volkswagen-taigun.jpg","Wikimedia Commons Verified Automotive Archive","https://commons.wikimedia.org","Creative Commons / Public Domain","permissive","verified","2026-09-21T17:46:38.310Z"
"Volkswagen","Vento","*","*","/assets/cars/volkswagen-vento.jpg","Wikimedia Commons Verified Automotive Archive","https://commons.wikimedia.org","Creative Commons / Public Domain","permissive","verified","2026-09-21T17:46:38.310Z"
